MQ3_raw,MQ135_raw,MQ2_raw,label
928,1251,326,Healthy
928,1250,327,Healthy
928,1250,325,Healthy
928,1252,326,Healthy
929,1250,328,Healthy
928,1249,325,Healthy
927,1249,327,Healthy
929,1250,331,Healthy
930,1251,329,Healthy
929,1250,323,Healthy
928,1250,327,Healthy
929,1250,326,Healthy
929,1250,326,Healthy
931,1251,326,Healthy
933,1251,327,Healthy
935,1253,329,Healthy
934,1254,330,Healthy
938,1257,327,Healthy
935,1254,328,Healthy
937,1253,330,Healthy
937,1252,326,Healthy
933,1253,327,Healthy
934,1253,330,Healthy
928,1253,326,Healthy
930,1254,326,Healthy
926,1252,326,Healthy
926,1253,323,Healthy
931,1253,329,Healthy
927,1250,329,Healthy
923,1250,326,Healthy
932,1251,329,Healthy
923,1251,326,Healthy
927,1251,324,Healthy
927,1252,326,Healthy
929,1250,325,Healthy
929,1251,327,Healthy
928,1251,327,Healthy
931,1251,327,Healthy
928,1251,322,Healthy
925,1252,327,Healthy
927,1249,327,Healthy
928,1251,325,Healthy
927,1252,327,Healthy
928,1251,326,Healthy
928,1253,325,Healthy
929,1254,327,Healthy
930,1253,330,Healthy
928,1254,327,Healthy
925,1253,327,Healthy
931,1255,329,Healthy
932,1254,323,Healthy
929,1253,329,Healthy
927,1253,327,Healthy
930,1255,328,Healthy
926,1252,326,Healthy
928,1250,322,Healthy
927,1253,327,Healthy
927,1253,326,Healthy
928,1253,326,Healthy
929,1251,330,Healthy
928,1253,325,Healthy
930,1253,329,Healthy
930,1254,326,Healthy
930,1251,327,Healthy
927,1252,329,Healthy
927,1253,330,Healthy
931,1254,325,Healthy
932,1255,326,Healthy
927,1253,327,Healthy
925,1251,327,Healthy
932,1252,332,Healthy
927,1253,326,Healthy
931,1251,332,Healthy
932,1254,330,Healthy
927,1253,330,Healthy
930,1254,330,Healthy
931,1251,327,Healthy
928,1253,331,Healthy
928,1253,332,Healthy
933,1255,331,Healthy
929,1254,331,Healthy
933,1253,331,Healthy
926,1254,330,Healthy
934,1254,332,Healthy
928,1252,329,Healthy
929,1251,328,Healthy
927,1253,324,Healthy
930,1253,327,Healthy
930,1251,327,Healthy
931,1252,326,Healthy
928,1251,330,Healthy
927,1251,331,Healthy
928,1251,327,Healthy
927,1251,328,Healthy
931,1253,331,Healthy
929,1252,327,Healthy
938,1255,329,Healthy
938,1253,331,Healthy
935,1254,330,Healthy
938,1254,327,Healthy
938,1254,327,Healthy
934,1253,330,Healthy
939,1251,327,Healthy
936,1256,330,Healthy
939,1255,330,Healthy
937,1256,331,Healthy
935,1255,333,Healthy
938,1253,330,Healthy
939,1255,335,Healthy
941,1254,333,Healthy
939,1258,333,Healthy
939,1258,330,Healthy
937,1257,331,Healthy
938,1254,331,Healthy
938,1254,332,Healthy
938,1254,332,Healthy
937,1254,330,Healthy
937,1255,331,Healthy
939,1255,331,Healthy
938,1255,333,Healthy
935,1255,329,Healthy
939,1253,332,Healthy
937,1255,329,Healthy
938,1254,329,Healthy
938,1254,332,Healthy
935,1254,331,Healthy
937,1255,329,Healthy
938,1255,327,Healthy
939,1255,333,Healthy
938,1253,331,Healthy
935,1255,330,Healthy
941,1255,331,Healthy
935,1254,333,Healthy
939,1254,331,Healthy
938,1257,334,Healthy
938,1255,331,Healthy
938,1257,330,Healthy
939,1255,332,Healthy
939,1254,327,Healthy
937,1254,329,Healthy
939,1255,331,Healthy
935,1243,325,Healthy
939,1257,332,Healthy
938,1252,325,Healthy
937,1254,326,Healthy
942,1254,333,Healthy
935,1255,331,Healthy
937,1254,330,Healthy
939,1251,330,Healthy
938,1253,333,Healthy
939,1255,331,Healthy
939,1259,331,Healthy
935,1255,329,Healthy
938,1255,330,Healthy
937,1253,327,Healthy
940,1257,331,Healthy
938,1254,330,Healthy
935,1254,327,Healthy
937,1255,331,Healthy
937,1254,328,Healthy
939,1254,330,Healthy
939,1254,330,Healthy
941,1258,333,Healthy
937,1253,332,Healthy
935,1255,331,Healthy
937,1256,332,Healthy
938,1253,329,Healthy
937,1243,327,Healthy
938,1253,327,Healthy
935,1254,327,Healthy
940,1255,332,Healthy
937,1254,330,Healthy
938,1255,332,Healthy
938,1255,327,Healthy
938,1253,329,Healthy
938,1254,328,Healthy
937,1255,330,Healthy
937,1255,331,Healthy
938,1255,329,Healthy
938,1253,327,Healthy
938,1252,327,Healthy
938,1254,331,Healthy
939,1254,331,Healthy
937,1254,330,Healthy
938,1253,329,Healthy
937,1254,329,Healthy
937,1251,329,Healthy
937,1253,332,Healthy
939,1253,333,Healthy
939,1254,329,Healthy
935,1253,327,Healthy
938,1255,330,Healthy
935,1253,331,Healthy
939,1255,330,Healthy
938,1256,330,Healthy
934,1251,323,Healthy
937,1255,326,Healthy
935,1253,327,Healthy
934,1255,326,Healthy
935,1257,324,Healthy
935,1255,330,Healthy
939,1257,330,Healthy
937,1254,327,Healthy
936,1254,329,Healthy
937,1255,331,Healthy
935,1254,329,Healthy
935,1252,329,Healthy
935,1253,327,Healthy
937,1254,328,Healthy
937,1252,330,Healthy
937,1253,329,Healthy
935,1252,329,Healthy
939,1253,329,Healthy
937,1254,330,Healthy
935,1251,330,Healthy
937,1253,327,Healthy
938,1255,324,Healthy
935,1255,325,Healthy
935,1253,325,Healthy
935,1252,327,Healthy
934,1253,326,Healthy
935,1253,326,Healthy
937,1253,327,Healthy
935,1252,323,Healthy
938,1253,329,Healthy
938,1253,327,Healthy
937,1255,328,Healthy
935,1252,327,Healthy
934,1255,327,Healthy
934,1253,327,Healthy
938,1252,329,Healthy
930,1253,326,Healthy
929,1251,330,Healthy
929,1251,330,Healthy
926,1251,330,Healthy
928,1252,331,Healthy
928,1251,331,Healthy
931,1253,327,Healthy
930,1254,332,Healthy
926,1254,331,Healthy
928,1251,331,Healthy
929,1250,327,Healthy
926,1251,326,Healthy
928,1251,327,Healthy
928,1253,326,Healthy
927,1251,327,Healthy
931,1250,326,Healthy
926,1250,331,Healthy
923,1250,327,Healthy
928,1254,330,Healthy
926,1251,327,Healthy
926,1251,327,Healthy
934,1253,328,Healthy
927,1253,327,Healthy
928,1254,329,Healthy
933,1253,330,Healthy
931,1251,331,Healthy
929,1253,331,Healthy
931,1253,327,Healthy
933,1254,327,Healthy
930,1254,331,Healthy
934,1255,329,Healthy
933,1255,330,Healthy
930,1255,331,Healthy
926,1251,326,Healthy
933,1255,329,Healthy
931,1255,330,Healthy
930,1253,327,Healthy
934,1255,326,Healthy
927,1254,331,Healthy
933,1253,327,Healthy
931,1253,328,Healthy
933,1254,330,Healthy
929,1253,330,Healthy
929,1252,329,Healthy
929,1254,330,Healthy
926,1251,325,Healthy
926,1249,330,Healthy
928,1250,328,Healthy
929,1251,329,Healthy
928,1251,330,Healthy
928,1251,326,Healthy
927,1251,326,Healthy
933,1254,329,Healthy
934,1251,329,Healthy
934,1255,330,Healthy
928,1253,331,Healthy
926,1251,326,Healthy
930,1254,326,Healthy
928,1253,323,Healthy
927,1254,325,Healthy
930,1253,330,Healthy
923,1250,327,Healthy
929,1254,330,Healthy
926,1251,327,Healthy
931,1253,327,Healthy
925,1251,327,Healthy
929,1251,326,Healthy
925,1252,323,Healthy
928,1251,323,Healthy
927,1253,325,Healthy
931,1250,326,Healthy
931,1253,326,Healthy
928,1253,326,Healthy
927,1251,325,Healthy
930,1253,330,Healthy
930,1251,323,Healthy
928,1252,325,Healthy
927,1250,325,Healthy
927,1251,326,Healthy
927,1251,324,Healthy
929,1252,329,Healthy
929,1250,327,Healthy
932,1253,329,Healthy
930,1251,330,Healthy
933,1253,330,Healthy
928,1251,330,Healthy
929,1251,327,Healthy
931,1254,333,Healthy
929,1255,331,Healthy
928,1253,329,Healthy
928,1253,330,Healthy
932,1254,327,Healthy
928,1243,325,Healthy
926,1250,325,Healthy
926,1248,323,Healthy
930,1251,325,Healthy
928,1251,326,Healthy
930,1253,326,Healthy
927,1249,324,Healthy
937,1252,327,Healthy
935,1253,326,Healthy
934,1254,325,Healthy
935,1252,325,Healthy
935,1255,326,Healthy
934,1257,328,Healthy
935,1254,329,Healthy
937,1258,330,Healthy
935,1253,331,Healthy
938,1254,331,Healthy
934,1251,330,Healthy
938,1253,327,Healthy
937,1254,331,Healthy
934,1254,328,Healthy
937,1252,330,Healthy
937,1254,327,Healthy
934,1251,325,Healthy
937,1253,324,Healthy
934,1251,325,Healthy
937,1254,330,Healthy
941,1252,331,Healthy
938,1256,335,Healthy
937,1254,327,Healthy
937,1253,331,Healthy
935,1254,330,Healthy
937,1254,331,Healthy
935,1254,329,Healthy
938,1252,329,Healthy
938,1254,331,Healthy
939,1257,331,Healthy
936,1254,325,Healthy
934,1253,326,Healthy
938,1253,326,Healthy
934,1251,331,Healthy
939,1251,331,Healthy
934,1251,327,Healthy
933,1251,324,Healthy
935,1253,329,Healthy
934,1255,327,Healthy
936,1254,329,Healthy
937,1253,326,Healthy
934,1254,329,Healthy
937,1252,327,Healthy
937,1254,328,Healthy
938,1252,327,Healthy
935,1251,327,Healthy
936,1253,332,Healthy
935,1254,331,Healthy
934,1254,329,Healthy
938,1255,331,Healthy
935,1252,327,Healthy
935,1254,327,Healthy
937,1253,329,Healthy
937,1253,329,Healthy
935,1254,331,Healthy
934,1251,329,Healthy
934,1252,330,Healthy
936,1251,331,Healthy
939,1253,332,Healthy
935,1252,330,Healthy
937,1253,330,Healthy
934,1249,331,Healthy
938,1252,327,Healthy
936,1251,330,Healthy
936,1252,329,Healthy
935,1252,333,Healthy
937,1252,329,Healthy
937,1251,331,Healthy
935,1253,331,Healthy
939,1252,332,Healthy
934,1250,329,Healthy
937,1254,329,Healthy
937,1252,327,Healthy
937,1253,330,Healthy
937,1251,331,Healthy
937,1251,329,Healthy
938,1251,330,Healthy
938,1249,329,Healthy
934,1254,331,Healthy
935,1250,330,Healthy
939,1253,330,Healthy
937,1253,330,Healthy
934,1253,331,Healthy
935,1253,331,Healthy
939,1251,329,Healthy
937,1254,331,Healthy
934,1254,327,Healthy
935,1251,330,Healthy
938,1252,331,Healthy
937,1251,329,Healthy
936,1253,332,Healthy
935,1252,331,Healthy
937,1251,329,Healthy
936,1253,330,Healthy
934,1251,330,Healthy
940,1254,331,Healthy
937,1255,332,Healthy
937,1254,330,Healthy
935,1255,329,Healthy
941,1251,333,Healthy
937,1253,329,Healthy
937,1254,331,Healthy
937,1251,331,Healthy
937,1253,330,Healthy
938,1253,328,Healthy
936,1251,326,Healthy
938,1253,332,Healthy
935,1254,329,Healthy
933,1253,331,Healthy
938,1254,331,Healthy
938,1253,330,Healthy
935,1254,330,Healthy
937,1253,333,Healthy
938,1255,330,Healthy
926,1250,329,Healthy
933,1255,328,Healthy
930,1254,327,Healthy
927,1248,329,Healthy
933,1253,331,Healthy
928,1250,327,Healthy
926,1251,329,Healthy
931,1253,330,Healthy
928,1252,330,Healthy
929,1251,327,Healthy
930,1251,329,Healthy
927,1251,331,Healthy
928,1249,329,Healthy
927,1251,327,Healthy
927,1253,329,Healthy
927,1250,326,Healthy
928,1249,326,Healthy
928,1251,330,Healthy
931,1251,329,Healthy
929,1250,325,Healthy
928,1251,328,Healthy
933,1253,326,Healthy
931,1251,326,Healthy
930,1253,326,Healthy
929,1250,327,Healthy
926,1250,326,Healthy
927,1253,326,Healthy
927,1250,326,Healthy
927,1251,324,Healthy
933,1255,327,Healthy
928,1252,325,Healthy
928,1250,329,Healthy
927,1249,329,Healthy
928,1249,331,Healthy
929,1254,324,Healthy
929,1251,327,Healthy
931,1253,329,Healthy
927,1249,327,Healthy
927,1251,328,Healthy
927,1250,330,Healthy
930,1251,325,Healthy
931,1249,325,Healthy
928,1248,327,Healthy
930,1249,327,Healthy
927,1250,327,Healthy
926,1250,329,Healthy
931,1251,327,Healthy
926,1250,325,Healthy
931,1251,326,Healthy
929,1251,326,Healthy
926,1253,327,Healthy
928,1249,328,Healthy
927,1250,327,Healthy
923,1249,327,Healthy
929,1250,328,Healthy
928,1250,325,Healthy
925,1249,326,Healthy
929,1248,325,Healthy
928,1252,329,Healthy
929,1251,327,Healthy
925,1251,331,Healthy
933,1251,326,Healthy
928,1252,329,Healthy
924,1250,326,Healthy
929,1251,329,Healthy
926,1251,328,Healthy
927,1251,329,Healthy
925,1249,324,Healthy
926,1249,325,Healthy
928,1252,329,Healthy
927,1251,329,Healthy
929,1251,327,Healthy
925,1251,326,Healthy
927,1250,331,Healthy
930,1250,329,Healthy
929,1250,330,Healthy
927,1252,327,Healthy
937,1253,325,Healthy
935,1255,326,Healthy
934,1254,331,Healthy
938,1255,331,Healthy
935,1251,326,Healthy
936,1254,331,Healthy
939,1254,329,Healthy
935,1254,329,Healthy
937,1254,325,Healthy
935,1255,326,Healthy
938,1254,326,Healthy
932,1255,325,Healthy
937,1254,326,Healthy
934,1254,326,Healthy
937,1254,328,Healthy
934,1251,327,Healthy
935,1249,326,Healthy
938,1253,328,Healthy
934,1251,327,Healthy
936,1253,327,Healthy
937,1254,330,Healthy
939,1251,330,Healthy
939,1254,330,Healthy
936,1252,325,Healthy
935,1254,326,Healthy
938,1254,331,Healthy
938,1253,331,Healthy
938,1254,331,Healthy
937,1255,330,Healthy
935,1254,327,Healthy
938,1257,329,Healthy
934,1253,329,Healthy
937,1257,328,Healthy
935,1255,326,Healthy
936,1255,326,Healthy
939,1253,330,Healthy
933,1254,327,Healthy
936,1254,326,Healthy
937,1257,327,Healthy
935,1251,327,Healthy
931,1253,326,Healthy
934,1252,326,Healthy
934,1253,327,Healthy
939,1255,329,Healthy
939,1257,325,Healthy
938,1254,329,Healthy
935,1255,328,Healthy
938,1252,330,Healthy
936,1253,327,Healthy
934,1253,330,Healthy
935,1253,327,Healthy
937,1254,328,Healthy
935,1254,327,Healthy
939,1253,330,Healthy
939,1254,333,Healthy
938,1254,327,Healthy
935,1251,326,Healthy
935,1254,329,Healthy
935,1250,327,Healthy
939,1254,330,Healthy
929,1251,326,Healthy
931,1253,332,Healthy
930,1252,326,Healthy
934,1254,327,Healthy
938,1255,327,Healthy
931,1253,330,Healthy
927,1252,329,Healthy
929,1251,327,Healthy
927,1254,329,Healthy
929,1250,329,Healthy
935,1253,330,Healthy
928,1250,326,Healthy
933,1250,327,Healthy
929,1252,327,Healthy
927,1252,329,Healthy
926,1249,326,Healthy
921,1248,327,Healthy
929,1251,325,Healthy
930,1254,325,Healthy
931,1251,327,Healthy
930,1253,330,Healthy
930,1252,330,Healthy
932,1254,330,Healthy
930,1255,329,Healthy
929,1253,326,Healthy
929,1253,328,Healthy
929,1252,329,Healthy
928,1249,327,Healthy
926,1250,326,Healthy
933,1251,329,Healthy
929,1251,330,Healthy
929,1250,329,Healthy
931,1252,330,Healthy
930,1250,329,Healthy
931,1251,327,Healthy
930,1252,333,Healthy
933,1253,331,Healthy
932,1253,334,Healthy
931,1252,329,Healthy
929,1254,326,Healthy
933,1252,331,Healthy
928,1250,330,Healthy
931,1251,331,Healthy
936,1253,332,Healthy
935,1254,333,Healthy
934,1255,331,Healthy
930,1251,331,Healthy
938,1253,335,Healthy
933,1252,331,Healthy
930,1254,330,Healthy
931,1252,333,Healthy
931,1252,331,Healthy
937,1255,332,Healthy
931,1251,326,Healthy
930,1250,328,Healthy
930,1250,323,Healthy
933,1254,331,Healthy
929,1253,330,Healthy
934,1253,328,Healthy
930,1253,327,Healthy
931,1254,332,Healthy
934,1259,333,Healthy
935,1255,333,Healthy
935,1255,333,Healthy
930,1251,331,Healthy
932,1254,331,Healthy
927,1251,330,Healthy
931,1255,334,Healthy
929,1255,329,Healthy
929,1251,327,Healthy
929,1254,330,Healthy
935,1257,333,Healthy
931,1253,329,Healthy
932,1251,332,Healthy
930,1251,331,Healthy
930,1254,333,Healthy
929,1252,329,Healthy
930,1254,330,Healthy
927,1253,327,Healthy
930,1252,327,Healthy
933,1255,327,Healthy
927,1251,329,Healthy
934,1255,326,Healthy
928,1251,330,Healthy
927,1251,327,Healthy
930,1251,329,Healthy
931,1253,328,Healthy
929,1252,328,Healthy
929,1250,327,Healthy
935,1254,333,Healthy
930,1253,329,Healthy
931,1255,331,Healthy
931,1254,327,Healthy
930,1253,332,Healthy
932,1254,330,Healthy
931,1255,331,Healthy
930,1255,327,Healthy
931,1253,331,Healthy
932,1253,332,Healthy
930,1254,331,Healthy
929,1254,331,Healthy
931,1255,331,Healthy
935,1256,331,Healthy
927,1253,332,Healthy
928,1254,330,Healthy
929,1254,330,Healthy
931,1251,327,Healthy
929,1250,325,Healthy
928,1250,326,Healthy
931,1252,328,Healthy
931,1253,327,Healthy
928,1249,326,Healthy
933,1254,331,Healthy
933,1255,329,Healthy
929,1253,330,Healthy
928,1252,326,Healthy
930,1254,329,Healthy
929,1254,327,Healthy
930,1251,327,Healthy
937,1256,332,Healthy
931,1255,332,Healthy
931,1255,333,Healthy
937,1254,332,Healthy
931,1253,330,Healthy
933,1253,334,Healthy
931,1253,331,Healthy
932,1254,330,Healthy
930,1252,327,Healthy
930,1254,331,Healthy
930,1253,328,Healthy
934,1254,333,Healthy
929,1253,330,Healthy
931,1251,326,Healthy
931,1253,330,Healthy
930,1250,330,Healthy
928,1252,327,Healthy
930,1256,331,Healthy
934,1253,327,Healthy
938,1254,325,Healthy
941,1253,329,Healthy
941,1258,333,Healthy
939,1255,331,Healthy
941,1257,331,Healthy
942,1256,333,Healthy
939,1256,329,Healthy
941,1257,334,Healthy
941,1258,334,Healthy
941,1257,332,Healthy
938,1246,326,Healthy
937,1255,331,Healthy
941,1257,329,Healthy
941,1254,330,Healthy
938,1254,327,Healthy
941,1256,335,Healthy
939,1255,331,Healthy
941,1255,331,Healthy
941,1257,331,Healthy
943,1258,334,Healthy
941,1258,333,Healthy
942,1255,330,Healthy
942,1257,331,Healthy
942,1255,331,Healthy
940,1257,331,Healthy
941,1257,333,Healthy
939,1255,331,Healthy
940,1257,333,Healthy
938,1254,332,Healthy
943,1255,333,Healthy
930,1254,330,Healthy
931,1254,331,Healthy
937,1257,331,Healthy
933,1255,327,Healthy
934,1255,331,Healthy
934,1257,331,Healthy
929,1256,331,Healthy
934,1254,331,Healthy
933,1254,329,Healthy
932,1254,330,Healthy
932,1253,329,Healthy
937,1258,334,Healthy
932,1255,330,Healthy
931,1254,330,Healthy
931,1251,331,Healthy
935,1256,333,Healthy
935,1254,330,Healthy
931,1256,334,Healthy
933,1255,332,Healthy
934,1254,332,Healthy
930,1254,331,Healthy
931,1253,333,Healthy
931,1251,327,Healthy
933,1252,333,Healthy
934,1256,333,Healthy
931,1254,332,Healthy
935,1255,329,Healthy
929,1253,329,Healthy
935,1255,333,Healthy
931,1253,331,Healthy
929,1255,330,Healthy
931,1254,333,Healthy
931,1254,329,Healthy
931,1253,330,Healthy
933,1254,330,Healthy
934,1255,330,Healthy
930,1252,330,Healthy
934,1255,333,Healthy
931,1253,333,Healthy
929,1254,332,Healthy
931,1253,332,Healthy
939,1255,333,Healthy
930,1254,332,Healthy
933,1254,333,Healthy
937,1255,331,Healthy
930,1253,330,Healthy
934,1257,334,Healthy
931,1254,333,Healthy
929,1257,331,Healthy
937,1252,333,Healthy
939,1255,335,Healthy
933,1255,327,Healthy
928,1255,330,Healthy
929,1254,331,Healthy
930,1255,331,Healthy
934,1255,331,Healthy
938,1259,333,Healthy
930,1254,330,Healthy
930,1254,331,Healthy
940,1255,331,Healthy
929,1255,330,Healthy
933,1255,330,Healthy
931,1254,329,Healthy
933,1255,330,Healthy
931,1253,330,Healthy
928,1253,327,Healthy
932,1253,331,Healthy
929,1251,330,Healthy
934,1257,332,Healthy
934,1255,331,Healthy
935,1251,333,Healthy
934,1254,332,Healthy
931,1253,332,Healthy
933,1254,331,Healthy
937,1255,330,Healthy
932,1251,330,Healthy
931,1255,330,Healthy
934,1254,330,Healthy
931,1254,330,Healthy
933,1254,330,Healthy
932,1253,329,Healthy
933,1254,332,Healthy
931,1254,331,Healthy
932,1254,327,Healthy
930,1254,327,Healthy
933,1251,331,Healthy
934,1254,330,Healthy
935,1253,330,Healthy
930,1253,327,Healthy
930,1251,325,Healthy
932,1254,326,Healthy
933,1257,329,Healthy
935,1257,330,Healthy
935,1258,330,Healthy
939,1258,329,Healthy
942,1258,327,Healthy
939,1257,325,Healthy
941,1258,331,Healthy
941,1259,331,Healthy
941,1255,330,Healthy
941,1257,332,Healthy
939,1259,330,Healthy
941,1255,330,Healthy
940,1257,331,Healthy
938,1255,331,Healthy
939,1257,329,Healthy
938,1257,325,Healthy
939,1255,328,Healthy
940,1257,327,Healthy
939,1254,327,Healthy
940,1254,330,Healthy
938,1255,329,Healthy
939,1255,329,Healthy
938,1254,326,Healthy
940,1255,331,Healthy
939,1257,331,Healthy
941,1259,330,Healthy
941,1258,330,Healthy
941,1258,327,Healthy
939,1257,333,Healthy
939,1255,328,Healthy
938,1255,330,Healthy
938,1255,329,Healthy
941,1258,330,Healthy
940,1257,329,Healthy
940,1255,326,Healthy
941,1259,331,Healthy
942,1258,330,Healthy
942,1254,331,Healthy
942,1257,333,Healthy
935,1255,332,Healthy
941,1255,330,Healthy
940,1255,329,Healthy
942,1257,333,Healthy
942,1257,330,Healthy
940,1255,331,Healthy
941,1261,331,Healthy
939,1257,326,Healthy
939,1259,332,Healthy
942,1258,330,Healthy
939,1255,329,Healthy
939,1257,329,Healthy
941,1257,329,Healthy
940,1257,332,Healthy
941,1258,333,Healthy
939,1258,331,Healthy
941,1258,333,Healthy
943,1258,333,Healthy
942,1257,332,Healthy
943,1258,332,Healthy
943,1257,327,Healthy
942,1258,330,Healthy
941,1255,329,Healthy
941,1257,329,Healthy
942,1255,330,Healthy
941,1260,327,Healthy
941,1258,333,Healthy
939,1258,330,Healthy
942,1255,334,Healthy
942,1255,331,Healthy
939,1257,331,Healthy
942,1255,333,Healthy
943,1259,334,Healthy
943,1258,330,Healthy
941,1257,331,Healthy
940,1259,334,Healthy
943,1255,329,Healthy
943,1258,333,Healthy
943,1257,332,Healthy
942,1259,333,Healthy
943,1258,335,Healthy
944,1258,334,Healthy
943,1259,332,Healthy
944,1255,333,Healthy
943,1258,330,Healthy
943,1257,335,Healthy
942,1258,331,Healthy
944,1255,333,Healthy
943,1255,332,Healthy
944,1257,331,Healthy
944,1258,335,Healthy
943,1259,334,Healthy
943,1256,333,Healthy
944,1260,334,Healthy
943,1258,335,Healthy
942,1257,330,Healthy
943,1257,333,Healthy
944,1255,334,Healthy
944,1258,331,Healthy
942,1259,333,Healthy
943,1258,333,Healthy
943,1259,333,Healthy
942,1258,331,Healthy
942,1255,331,Healthy
943,1260,329,Healthy
943,1258,332,Healthy
943,1258,330,Healthy
944,1259,331,Healthy
941,1255,327,Healthy
941,1255,327,Healthy
941,1259,327,Healthy
943,1257,327,Healthy
941,1255,331,Healthy
942,1259,327,Healthy
943,1258,332,Healthy
943,1257,325,Healthy
943,1258,327,Healthy
941,1257,330,Healthy
943,1255,328,Healthy
943,1258,327,Healthy
943,1255,327,Healthy
943,1255,331,Healthy
942,1259,327,Healthy
943,1258,326,Healthy
941,1257,325,Healthy
941,1258,329,Healthy
943,1259,330,Healthy
942,1258,331,Healthy
943,1258,329,Healthy
944,1258,329,Healthy
942,1258,325,Healthy
941,1259,330,Healthy
943,1258,328,Healthy
941,1258,327,Healthy
943,1258,327,Healthy
942,1259,327,Healthy
942,1258,327,Healthy
942,1259,330,Healthy
944,1263,332,Healthy
944,1261,331,Healthy
942,1260,331,Healthy
943,1258,334,Healthy
943,1259,331,Healthy
944,1255,331,Healthy
944,1257,334,Healthy
944,1262,335,Healthy
944,1261,333,Healthy
943,1259,330,Healthy
944,1261,333,Healthy
943,1258,330,Healthy
943,1259,331,Healthy
944,1259,331,Healthy
944,1261,331,Healthy
943,1260,330,Healthy
941,1260,330,Healthy
944,1259,329,Healthy
944,1259,333,Healthy
944,1255,331,Healthy
943,1259,330,Healthy
942,1257,327,Healthy
944,1259,334,Healthy
942,1260,332,Healthy
943,1259,330,Healthy
960,1268,333,Interference
958,1270,333,Interference
958,1267,329,Interference
958,1269,333,Interference
955,1266,332,Interference
956,1267,332,Interference
957,1265,331,Interference
959,1266,327,Interference
959,1266,331,Interference
958,1265,331,Interference
959,1266,330,Interference
958,1265,332,Interference
957,1264,330,Interference
958,1267,331,Interference
957,1267,331,Interference
959,1266,332,Interference
959,1267,331,Interference
959,1266,330,Interference
958,1265,330,Interference
959,1267,332,Interference
959,1268,332,Interference
960,1269,333,Interference
956,1266,333,Interference
958,1265,332,Interference
959,1266,331,Interference
960,1267,334,Interference
959,1269,335,Interference
959,1269,334,Interference
957,1271,335,Interference
957,1269,331,Interference
957,1269,331,Interference
958,1269,333,Interference
959,1269,335,Interference
958,1268,334,Interference
958,1269,331,Interference
961,1267,333,Interference
960,1269,336,Interference
960,1268,333,Interference
960,1267,335,Interference
960,1269,335,Interference
959,1267,333,Interference
960,1266,336,Interference
960,1270,336,Interference
960,1269,335,Interference
959,1266,336,Interference
958,1269,334,Interference
959,1267,336,Interference
958,1266,336,Interference
960,1269,336,Interference
960,1267,335,Interference
959,1268,333,Interference
960,1269,336,Interference
960,1268,336,Interference
959,1267,333,Interference
960,1267,336,Interference
959,1267,334,Interference
957,1267,336,Interference
957,1270,335,Interference
959,1267,331,Interference
960,1271,336,Interference
960,1270,333,Interference
959,1267,333,Interference
961,1269,336,Interference
958,1267,335,Interference
958,1266,335,Interference
959,1267,332,Interference
959,1266,335,Interference
955,1268,331,Interference
959,1267,332,Interference
959,1268,333,Interference
959,1266,334,Interference
958,1268,334,Interference
959,1267,335,Interference
960,1259,331,Interference
960,1267,334,Interference
959,1267,334,Interference
959,1267,331,Interference
961,1270,333,Interference
960,1269,335,Interference
960,1269,335,Interference
960,1270,333,Interference
958,1267,335,Interference
959,1269,335,Interference
958,1269,335,Interference
960,1269,331,Interference
959,1267,336,Interference
959,1269,334,Interference
961,1267,335,Interference
959,1266,334,Interference
959,1267,333,Interference
959,1267,335,Interference
955,1266,333,Interference
957,1267,332,Interference
958,1266,331,Interference
959,1266,327,Interference
957,1266,330,Interference
959,1267,334,Interference
960,1269,336,Interference
959,1268,331,Interference
959,1267,331,Interference
958,1269,333,Interference
960,1267,335,Interference
958,1267,332,Interference
955,1267,330,Interference
959,1266,332,Interference
957,1266,330,Interference
955,1267,331,Interference
959,1267,331,Interference
957,1267,333,Interference
958,1268,334,Interference
957,1268,331,Interference
957,1268,331,Interference
957,1268,332,Interference
955,1267,335,Interference
958,1270,335,Interference
958,1269,333,Interference
959,1267,334,Interference
959,1267,336,Interference
958,1267,334,Interference
958,1267,335,Interference
959,1269,334,Interference
959,1269,335,Interference
957,1266,332,Interference
958,1267,333,Interference
958,1266,331,Interference
957,1265,333,Interference
958,1266,333,Interference
956,1267,332,Interference
958,1267,334,Interference
957,1267,335,Interference
959,1266,333,Interference
959,1264,334,Interference
955,1266,333,Interference
960,1267,335,Interference
956,1267,333,Interference
958,1267,333,Interference
958,1267,335,Interference
959,1268,335,Interference
959,1267,333,Interference
960,1267,335,Interference
959,1269,335,Interference
959,1269,336,Interference
961,1269,336,Interference
960,1264,335,Interference
959,1269,334,Interference
958,1266,334,Interference
961,1266,334,Interference
959,1268,334,Interference
959,1267,335,Interference
958,1267,334,Interference
959,1268,331,Interference
960,1267,335,Interference
960,1269,333,Interference
959,1267,331,Interference
958,1266,327,Interference
957,1267,329,Interference
958,1266,329,Interference
959,1267,331,Interference
959,1265,330,Interference
959,1270,331,Interference
960,1267,334,Interference
958,1268,332,Interference
960,1270,335,Interference
959,1269,335,Interference
960,1269,333,Interference
959,1267,334,Interference
959,1267,333,Interference
960,1270,330,Interference
960,1269,334,Interference
960,1269,336,Interference
960,1267,335,Interference
960,1268,333,Interference
959,1266,335,Interference
961,1269,334,Interference
959,1269,335,Interference
960,1271,335,Interference
960,1270,335,Interference
961,1269,334,Interference
959,1267,333,Interference
960,1269,334,Interference
959,1270,335,Interference
962,1271,332,Interference
960,1271,333,Interference
960,1271,335,Interference
959,1270,331,Interference
961,1268,334,Interference
960,1269,334,Interference
960,1269,334,Interference
961,1267,334,Interference
960,1270,334,Interference
960,1267,334,Interference
959,1268,331,Interference
958,1269,331,Interference
957,1266,330,Interference
959,1267,333,Interference
959,1268,331,Interference
951,1268,333,Interference
951,1266,330,Interference
950,1267,330,Interference
949,1265,332,Interference
949,1267,331,Interference
950,1266,330,Interference
951,1269,333,Interference
959,1268,334,Interference
950,1265,330,Interference
952,1267,331,Interference
951,1267,333,Interference
949,1267,332,Interference
951,1266,329,Interference
951,1268,332,Interference
950,1265,335,Interference
953,1269,336,Interference
953,1268,333,Interference
950,1269,336,Interference
948,1266,332,Interference
951,1265,332,Interference
948,1266,330,Interference
951,1267,327,Interference
950,1266,329,Interference
951,1267,331,Interference
956,1267,335,Interference
954,1266,335,Interference
950,1264,333,Interference
950,1265,331,Interference
946,1265,335,Interference
955,1266,333,Interference
953,1265,333,Interference
950,1266,334,Interference
951,1266,335,Interference
951,1266,333,Interference
957,1265,333,Interference
947,1266,327,Interference
949,1266,335,Interference
949,1264,332,Interference
950,1265,331,Interference
955,1266,333,Interference
950,1265,333,Interference
947,1265,332,Interference
951,1267,336,Interference
949,1264,332,Interference
951,1264,334,Interference
947,1265,331,Interference
951,1266,327,Interference
947,1264,332,Interference
946,1266,333,Interference
954,1264,333,Interference
954,1267,334,Interference
950,1264,333,Interference
948,1264,332,Interference
947,1264,330,Interference
949,1266,334,Interference
949,1264,331,Interference
953,1265,331,Interference
955,1266,332,Interference
951,1265,334,Interference
946,1265,331,Interference
951,1266,334,Interference
958,1266,334,Interference
954,1267,331,Interference
959,1268,335,Interference
959,1267,334,Interference
959,1266,335,Interference
959,1269,335,Interference
958,1269,334,Interference
958,1267,333,Interference
960,1267,332,Interference
959,1268,334,Interference
959,1267,334,Interference
960,1269,334,Interference
958,1266,334,Interference
959,1266,331,Interference
958,1267,333,Interference
960,1269,331,Interference
958,1267,329,Interference
959,1267,334,Interference
958,1266,333,Interference
957,1267,333,Interference
957,1267,333,Interference
958,1269,334,Interference
957,1267,331,Interference
957,1269,331,Interference
960,1266,333,Interference
959,1267,333,Interference
960,1269,333,Interference
960,1269,331,Interference
958,1268,331,Interference
958,1268,333,Interference
960,1268,334,Interference
960,1269,334,Interference
959,1268,330,Interference
961,1270,335,Interference
960,1270,335,Interference
960,1271,333,Interference
960,1270,335,Interference
960,1267,331,Interference
961,1271,336,Interference
956,1267,330,Interference
958,1267,332,Interference
961,1267,334,Interference
959,1267,335,Interference
959,1267,333,Interference
960,1267,334,Interference
958,1267,333,Interference
959,1266,331,Interference
960,1269,336,Interference
959,1269,334,Interference
960,1269,331,Interference
959,1267,334,Interference
959,1267,334,Interference
960,1269,335,Interference
960,1268,334,Interference
959,1267,333,Interference
961,1267,332,Interference
955,1267,332,Interference
959,1267,333,Interference
960,1267,331,Interference
959,1270,334,Interference
960,1267,333,Interference
960,1269,334,Interference
960,1269,335,Interference
961,1269,335,Interference
960,1269,336,Interference
960,1267,335,Interference
960,1269,334,Interference
959,1270,333,Interference
960,1271,333,Interference
962,1270,335,Interference
962,1271,335,Interference
959,1271,334,Interference
960,1271,331,Interference
960,1267,330,Interference
961,1269,332,Interference
960,1269,336,Interference
959,1269,332,Interference
960,1270,335,Interference
960,1269,333,Interference
959,1270,336,Interference
961,1272,335,Interference
960,1271,336,Interference
961,1269,334,Interference
962,1270,336,Interference
959,1269,334,Interference
961,1270,334,Interference
961,1271,333,Interference
963,1270,333,Interference
959,1267,334,Interference
960,1269,333,Interference
960,1269,335,Interference
961,1269,335,Interference
962,1271,335,Interference
960,1268,336,Interference
961,1272,336,Interference
959,1270,333,Interference
961,1270,335,Interference
960,1271,335,Interference
960,1271,334,Interference
959,1269,334,Interference
960,1270,330,Interference
959,1269,331,Interference
960,1271,332,Interference
959,1267,331,Interference
959,1268,330,Interference
958,1268,330,Interference
958,1269,331,Interference
960,1269,330,Interference
959,1269,329,Interference
960,1270,330,Interference
960,1269,333,Interference
960,1268,333,Interference
958,1269,334,Interference
960,1269,333,Interference
961,1273,335,Interference
960,1269,333,Interference
959,1269,331,Interference
960,1269,333,Interference
958,1269,327,Interference
960,1269,332,Interference
960,1269,331,Interference
962,1269,330,Interference
960,1268,333,Interference
960,1269,334,Interference
960,1270,331,Interference
959,1269,334,Interference
961,1266,333,Interference
960,1269,333,Interference
960,1267,335,Interference
959,1267,333,Interference
960,1267,333,Interference
958,1267,331,Interference
958,1265,333,Interference
960,1268,331,Interference
959,1266,335,Interference
959,1269,331,Interference
957,1265,330,Interference
960,1267,333,Interference
958,1267,331,Interference
959,1267,332,Interference
959,1267,330,Interference
958,1266,331,Interference
957,1267,333,Interference
958,1266,333,Interference
959,1266,332,Interference
959,1267,331,Interference
955,1266,327,Interference
961,1267,331,Interference
960,1267,335,Interference
959,1267,331,Interference
959,1267,332,Interference
961,1267,335,Interference
960,1269,335,Interference
959,1269,335,Interference
960,1267,334,Interference
961,1269,331,Interference
960,1267,335,Interference
960,1267,331,Interference
958,1267,333,Interference
959,1266,332,Interference
960,1267,335,Interference
959,1267,329,Interference
958,1267,330,Interference
960,1269,330,Interference
959,1267,330,Interference
959,1267,330,Interference
959,1269,330,Interference
960,1269,334,Interference
959,1267,332,Interference
959,1269,331,Interference
958,1271,334,Interference
959,1270,334,Interference
959,1270,331,Interference
959,1268,333,Interference
961,1270,327,Interference
960,1269,334,Interference
960,1267,334,Interference
960,1267,334,Interference
960,1267,333,Interference
960,1269,334,Interference
960,1268,331,Interference
960,1267,329,Interference
960,1270,331,Interference
961,1269,336,Interference
960,1269,334,Interference
960,1268,333,Interference
959,1267,334,Interference
954,1264,333,Interference
955,1265,333,Interference
955,1265,331,Interference
954,1264,331,Interference
957,1265,335,Interference
955,1265,330,Interference
956,1264,334,Interference
955,1266,334,Interference
955,1265,333,Interference
957,1266,333,Interference
955,1266,335,Interference
955,1265,332,Interference
955,1266,331,Interference
955,1265,330,Interference
955,1265,330,Interference
955,1265,334,Interference
955,1266,335,Interference
955,1264,331,Interference
957,1265,333,Interference
954,1266,333,Interference
957,1266,334,Interference
957,1264,331,Interference
955,1266,331,Interference
957,1266,334,Interference
955,1265,334,Interference
955,1268,335,Interference
954,1266,331,Interference
956,1265,332,Interference
954,1265,333,Interference
956,1266,331,Interference
957,1269,333,Interference
955,1269,332,Interference
954,1268,333,Interference
958,1267,332,Interference
957,1267,334,Interference
958,1267,333,Interference
957,1267,336,Interference
954,1267,333,Interference
954,1266,334,Interference
955,1265,332,Interference
959,1267,333,Interference
957,1268,333,Interference
959,1267,332,Interference
958,1269,334,Interference
954,1266,332,Interference
957,1265,331,Interference
955,1266,332,Interference
961,1269,335,Interference
962,1267,335,Interference
961,1267,331,Interference
959,1271,333,Interference
960,1269,330,Interference
959,1269,333,Interference
961,1269,335,Interference
961,1270,335,Interference
961,1268,333,Interference
954,1266,336,Interference
951,1267,331,Interference
955,1269,334,Interference
953,1268,331,Interference
957,1269,335,Interference
955,1269,333,Interference
953,1267,335,Interference
954,1267,335,Interference
955,1269,334,Interference
958,1269,330,Interference
957,1268,336,Interference
952,1267,335,Interference
954,1267,333,Interference
955,1267,334,Interference
954,1265,333,Interference
960,1271,334,Interference
950,1264,331,Interference
957,1267,336,Interference
953,1265,333,Interference
950,1266,332,Interference
954,1265,332,Interference
955,1267,335,Interference
955,1267,335,Interference
957,1267,331,Interference
957,1268,330,Interference
954,1269,334,Interference
954,1268,332,Interference
957,1270,335,Interference
957,1271,331,Interference
955,1269,334,Interference
951,1268,333,Interference
957,1267,332,Interference
954,1267,334,Interference
950,1267,333,Interference
953,1270,335,Interference
951,1267,335,Interference
949,1265,333,Interference
957,1266,332,Interference
957,1266,329,Interference
954,1265,330,Interference
951,1267,331,Interference
955,1265,330,Interference
953,1265,333,Interference
954,1266,332,Interference
957,1267,334,Interference
955,1267,335,Interference
957,1267,334,Interference
951,1267,331,Interference
948,1265,329,Interference
953,1264,333,Interference
950,1266,332,Interference
949,1265,331,Interference
958,1268,330,Interference
948,1267,331,Interference
948,1267,330,Interference
955,1269,334,Interference
954,1269,334,Interference
955,1267,333,Interference
947,1267,334,Interference
953,1267,335,Interference
953,1267,334,Interference
957,1266,336,Interference
949,1266,333,Interference
951,1266,331,Interference
954,1266,334,Interference
953,1267,334,Interference
949,1267,334,Interference
951,1267,329,Interference
946,1265,327,Interference
954,1265,334,Interference
951,1269,332,Interference
953,1267,334,Interference
953,1267,332,Interference
953,1265,332,Interference
951,1267,335,Interference
957,1268,330,Interference
956,1269,329,Interference
950,1266,331,Interference
951,1267,331,Interference
954,1267,330,Interference
955,1267,330,Interference
951,1267,334,Interference
960,1269,333,Interference
960,1269,333,Interference
959,1267,330,Interference
960,1269,331,Interference
961,1269,329,Interference
960,1271,331,Interference
961,1271,334,Interference
960,1271,334,Interference
960,1269,334,Interference
960,1269,335,Interference
962,1269,333,Interference
961,1271,336,Interference
960,1270,336,Interference
961,1269,334,Interference
962,1270,333,Interference
961,1270,334,Interference
960,1269,332,Interference
960,1271,335,Interference
961,1269,332,Interference
961,1269,329,Interference
961,1270,332,Interference
961,1267,333,Interference
960,1270,333,Interference
960,1268,332,Interference
961,1269,334,Interference
961,1271,333,Interference
963,1274,332,Interference
961,1271,335,Interference
962,1273,335,Interference
961,1270,331,Interference
963,1271,333,Interference
962,1271,335,Interference
963,1269,335,Interference
960,1270,333,Interference
963,1270,334,Interference
961,1270,334,Interference
963,1270,335,Interference
960,1267,331,Interference
961,1271,333,Interference
963,1270,333,Interference
962,1271,333,Interference
960,1271,333,Interference
963,1274,334,Interference
962,1271,335,Interference
962,1269,334,Interference
960,1270,333,Interference
960,1270,334,Interference
963,1270,334,Interference
965,1269,336,Interference
963,1273,336,Interference
963,1270,334,Interference
959,1269,331,Interference
962,1271,335,Interference
960,1269,330,Interference
961,1269,330,Interference
963,1271,335,Interference
965,1269,336,Interference
963,1271,335,Interference
961,1270,332,Interference
961,1269,331,Interference
962,1271,334,Interference
960,1269,329,Interference
961,1270,333,Interference
962,1270,333,Interference
962,1270,333,Interference
961,1269,333,Interference
960,1269,329,Interference
961,1273,329,Interference
962,1273,333,Interference
960,1271,333,Interference
960,1271,334,Interference
963,1271,332,Interference
962,1270,331,Interference
962,1270,336,Interference
961,1273,332,Interference
962,1272,332,Interference
961,1271,331,Interference
962,1270,332,Interference
962,1274,330,Interference
963,1275,331,Interference
961,1274,335,Interference
960,1274,334,Interference
960,1270,331,Interference
961,1271,331,Interference
961,1270,332,Interference
960,1269,331,Interference
961,1270,332,Interference
961,1270,333,Interference
961,1270,334,Interference
961,1271,332,Interference
960,1271,332,Interference
959,1270,326,Interference
963,1271,331,Interference
961,1271,329,Interference
960,1271,331,Interference
960,1269,333,Interference
961,1270,331,Interference
961,1270,333,Interference
961,1270,329,Interference
961,1269,330,Interference
961,1270,331,Interference
960,1271,331,Interference
960,1269,331,Interference
962,1271,333,Interference
962,1273,334,Interference
963,1270,332,Interference
961,1270,335,Interference
961,1273,332,Interference
961,1269,331,Interference
959,1268,333,Interference
961,1268,333,Interference
961,1269,331,Interference
961,1270,331,Interference
961,1269,330,Interference
960,1268,331,Interference
960,1267,329,Interference
960,1267,329,Interference
960,1269,333,Interference
960,1270,330,Interference
961,1270,329,Interference
961,1271,331,Interference
960,1270,334,Interference
962,1270,332,Interference
961,1270,330,Interference
960,1270,330,Interference
961,1270,332,Interference
960,1269,333,Interference
961,1270,331,Interference
961,1268,335,Interference
961,1267,330,Interference
960,1269,331,Interference
962,1270,335,Interference
962,1270,334,Interference
960,1270,332,Interference
962,1271,330,Interference
961,1270,335,Interference
961,1271,333,Interference
961,1271,335,Interference
961,1272,335,Interference
959,1271,332,Interference
958,1270,334,Interference
960,1269,334,Interference
959,1269,336,Interference
961,1269,333,Interference
959,1270,334,Interference
960,1270,334,Interference
961,1270,334,Interference
962,1271,335,Interference
960,1271,332,Interference
961,1273,336,Interference
960,1269,336,Interference
962,1271,334,Interference
960,1271,334,Interference
961,1270,333,Interference
963,1271,334,Interference
961,1271,335,Interference
961,1271,331,Interference
963,1270,335,Interference
961,1270,335,Interference
966,1273,333,Interference
961,1270,331,Interference
961,1271,329,Interference
961,1271,334,Interference
961,1269,333,Interference
961,1269,333,Interference
960,1274,333,Interference
962,1273,332,Interference
960,1271,331,Interference
961,1271,334,Interference
962,1271,333,Interference
960,1270,332,Interference
961,1270,335,Interference
963,1269,333,Interference
961,1271,335,Interference
962,1271,334,Interference
963,1273,334,Interference
963,1271,332,Interference
960,1273,333,Interference
962,1274,335,Interference
961,1274,333,Interference
962,1273,335,Interference
963,1271,336,Interference
963,1263,332,Interference
961,1270,328,Interference
961,1271,330,Interference
962,1271,331,Interference
963,1272,334,Interference
961,1270,332,Interference
961,1271,334,Interference
963,1270,333,Interference
964,1273,335,Interference
963,1271,333,Interference
962,1274,333,Interference
963,1275,332,Interference
962,1270,335,Interference
963,1275,334,Interference
961,1271,331,Interference
963,1271,335,Interference
962,1271,332,Interference
963,1271,331,Interference
962,1270,334,Interference
964,1271,333,Interference
965,1271,333,Interference
964,1271,334,Interference
963,1273,331,Interference
963,1273,333,Interference
965,1274,333,Interference
966,1273,334,Interference
962,1269,334,Interference
961,1272,334,Interference
965,1271,335,Interference
962,1274,332,Interference
963,1272,336,Interference
963,1277,336,Interference
964,1273,334,Interference
962,1273,335,Interference
965,1275,333,Interference
963,1276,333,Interference
962,1277,333,Interference
962,1273,333,Interference
965,1271,333,Interference
963,1272,335,Interference
964,1274,335,Interference
964,1274,336,Interference
963,1273,335,Interference
961,1271,330,Interference
962,1273,327,Interference
961,1272,331,Interference
960,1271,327,Interference
961,1271,329,Interference
962,1271,332,Interference
963,1275,333,Interference
962,1274,333,Interference
963,1271,334,Interference
961,1271,334,Interference
962,1271,333,Interference
962,1271,332,Interference
961,1269,331,Interference
961,1271,333,Interference
963,1273,334,Interference
963,1273,334,Interference
961,1269,331,Interference
961,1271,331,Interference
960,1270,335,Interference
962,1270,333,Interference
961,1271,334,Interference
962,1273,334,Interference
962,1275,334,Interference
962,1270,331,Interference
962,1275,334,Interference
964,1271,336,Interference
965,1273,336,Interference
963,1271,333,Interference
961,1271,333,Interference
963,1274,335,Interference
963,1269,333,Interference
961,1270,331,Interference
962,1273,333,Interference
961,1271,335,Interference
963,1274,335,Interference
961,1271,331,Interference
960,1270,331,Interference
962,1273,333,Interference
961,1270,334,Interference
962,1271,333,Interference
962,1271,334,Interference
964,1274,336,Interference
961,1274,333,Interference
961,1273,333,Interference
960,1269,334,Interference
963,1265,333,Interference
960,1272,335,Interference
962,1273,334,Interference
963,1271,335,Interference
962,1273,332,Interference
962,1269,332,Interference
960,1271,331,Interference
960,1273,329,Interference
963,1273,331,Interference
961,1271,330,Interference
963,1273,331,Interference
962,1270,329,Interference
962,1273,331,Interference
963,1271,329,Interference
960,1269,329,Interference
963,1273,331,Interference
962,1271,333,Interference
963,1274,335,Interference
965,1270,333,Interference
965,1274,336,Interference
963,1273,335,Interference
963,1271,334,Interference
962,1271,331,Interference
962,1271,332,Interference
963,1272,333,Interference
964,1274,333,Interference
961,1271,331,Interference
962,1271,331,Interference
963,1270,332,Interference
964,1273,333,Interference
962,1274,336,Interference
962,1271,334,Interference
965,1271,335,Interference
962,1273,335,Interference
963,1271,335,Interference
964,1274,335,Interference
958,1266,334,Interference
959,1269,335,Interference
959,1273,333,Interference
957,1270,335,Interference
951,1267,332,Interference
960,1270,335,Interference
951,1266,333,Interference
958,1269,334,Interference
958,1273,333,Interference
957,1269,331,Interference
959,1268,334,Interference
954,1267,332,Interference
960,1269,336,Interference
957,1270,333,Interference
961,1269,331,Interference
955,1269,332,Interference
955,1271,333,Interference
957,1269,334,Interference
960,1267,333,Interference
958,1270,334,Interference
960,1270,332,Interference
955,1270,335,Interference
958,1271,330,Interference
958,1269,333,Interference
961,1271,335,Interference
956,1267,332,Interference
955,1270,333,Interference
960,1271,334,Interference
955,1268,333,Interference
958,1269,331,Interference
956,1269,333,Interference
955,1270,334,Interference
957,1270,333,Interference
956,1269,335,Interference
960,1272,334,Interference
957,1271,333,Interference
955,1267,335,Interference
955,1269,333,Interference
959,1271,331,Interference
957,1269,332,Interference
954,1266,330,Interference
957,1269,333,Interference
953,1268,334,Interference
957,1269,335,Interference
959,1270,336,Interference
953,1268,333,Interference
959,1270,332,Interference
954,1271,331,Interference
955,1270,331,Interference
962,1270,333,Interference
965,1273,334,Interference
965,1273,334,Interference
961,1271,335,Interference
964,1270,335,Interference
964,1273,334,Interference
963,1274,334,Interference
962,1270,335,Interference
964,1271,336,Interference
963,1271,332,Interference
963,1270,334,Interference
960,1271,331,Interference
963,1273,333,Interference
964,1270,335,Interference
963,1270,334,Interference
964,1271,334,Interference
963,1269,330,Interference
962,1273,331,Interference
961,1271,329,Interference
962,1271,328,Interference
965,1271,333,Interference
960,1270,331,Interference
963,1269,331,Interference
961,1271,331,Interference
962,1273,333,Interference
962,1275,333,Interference
962,1271,331,Interference
963,1271,332,Interference
963,1271,334,Interference
962,1271,331,Interference
961,1271,332,Interference
963,1273,332,Interference
962,1273,335,Interference
963,1271,333,Interference
965,1270,335,Interference
963,1271,333,Interference
963,1271,333,Interference
962,1274,331,Interference
964,1274,334,Interference
966,1273,333,Interference
965,1275,336,Interference
965,1270,336,Interference
966,1273,334,Interference
964,1273,335,Interference
966,1271,335,Interference
965,1271,335,Interference
967,1271,336,Interference
967,1273,336,Interference
964,1271,334,Interference
962,1271,335,Interference
965,1271,334,Interference
966,1274,333,Interference
965,1273,335,Interference
963,1271,333,Interference
964,1273,330,Interference
965,1275,335,Interference
963,1273,336,Interference
963,1273,333,Interference
963,1274,333,Interference
964,1274,333,Interference
963,1271,335,Interference
963,1273,335,Interference
963,1274,336,Interference
963,1275,336,Interference
964,1275,334,Interference
971,1279,335,TB
972,1279,334,TB
975,1279,336,TB
975,1278,336,TB
975,1278,335,TB
976,1279,336,TB
973,1278,336,TB
975,1280,335,TB
973,1279,334,TB
974,1280,334,TB
974,1279,334,TB
975,1280,335,TB
972,1277,335,TB
974,1279,336,TB
973,1279,335,TB
974,1279,333,TB
973,1277,334,TB
974,1278,336,TB
971,1279,334,TB
974,1277,334,TB
973,1279,331,TB
973,1277,335,TB
971,1278,334,TB
972,1278,332,TB
972,1278,331,TB
971,1279,335,TB
970,1277,333,TB
973,1275,332,TB
971,1275,336,TB
972,1275,335,TB
971,1278,335,TB
971,1277,334,TB
971,1277,333,TB
973,1277,334,TB
973,1276,332,TB
973,1279,333,TB
973,1278,332,TB
974,1278,333,TB
973,1276,334,TB
972,1275,331,TB
971,1276,334,TB
971,1275,333,TB
971,1274,332,TB
973,1277,335,TB
971,1278,335,TB
971,1275,334,TB
972,1275,333,TB
973,1277,333,TB
973,1277,334,TB
974,1277,336,TB
975,1279,335,TB
975,1279,335,TB
975,1276,331,TB
973,1279,333,TB
976,1277,335,TB
971,1277,333,TB
974,1278,335,TB
974,1277,333,TB
973,1277,329,TB
975,1278,335,TB
974,1278,334,TB
972,1277,335,TB
973,1275,334,TB
972,1277,336,TB
973,1277,333,TB
973,1276,334,TB
972,1278,333,TB
973,1278,334,TB
976,1278,333,TB
974,1279,335,TB
973,1278,336,TB
976,1278,334,TB
973,1279,333,TB
975,1279,333,TB
974,1279,334,TB
975,1278,335,TB
975,1279,334,TB
974,1279,333,TB
976,1278,335,TB
975,1277,334,TB
975,1279,335,TB
974,1277,335,TB
973,1278,333,TB
976,1279,336,TB
976,1277,336,TB
975,1278,335,TB
976,1279,336,TB
976,1279,336,TB
976,1279,336,TB
976,1279,336,TB
975,1277,335,TB
976,1280,336,TB
976,1278,336,TB
974,1277,336,TB
975,1278,335,TB
976,1278,336,TB
976,1278,336,TB
975,1279,335,TB
975,1280,336,TB
976,1279,336,TB
976,1279,335,TB
975,1279,336,TB
975,1277,334,TB
975,1278,334,TB
975,1277,335,TB
975,1277,333,TB
975,1279,335,TB
974,1274,334,TB
975,1277,336,TB
974,1279,333,TB
971,1275,332,TB
973,1275,334,TB
975,1278,333,TB
975,1278,335,TB
976,1279,336,TB
975,1279,336,TB
973,1279,334,TB
975,1279,336,TB
975,1278,336,TB
976,1279,336,TB
975,1279,337,TB
976,1278,336,TB
974,1277,335,TB
973,1277,335,TB
975,1279,336,TB
973,1279,336,TB
973,1279,336,TB
974,1280,336,TB
976,1280,336,TB
975,1277,336,TB
974,1277,335,TB
975,1278,336,TB
972,1277,334,TB
974,1278,336,TB
976,1280,336,TB
971,1279,336,TB
976,1280,336,TB
976,1279,335,TB
975,1279,336,TB
973,1280,336,TB
975,1278,335,TB
976,1279,336,TB
974,1279,335,TB
975,1278,336,TB
974,1277,335,TB
976,1279,336,TB
975,1279,336,TB
975,1277,336,TB
973,1279,335,TB
973,1279,335,TB
976,1279,337,TB
975,1278,336,TB
973,1277,335,TB
974,1279,336,TB
974,1278,334,TB
974,1278,336,TB
973,1279,335,TB
973,1279,336,TB
974,1279,336,TB
974,1280,336,TB
973,1279,335,TB
975,1279,331,TB
973,1280,334,TB
973,1278,335,TB
972,1278,336,TB
971,1279,334,TB
973,1278,334,TB
974,1279,336,TB
973,1279,337,TB
974,1280,336,TB
975,1279,336,TB
976,1281,336,TB
976,1280,336,TB
973,1278,335,TB
975,1279,336,TB
975,1277,336,TB
974,1276,336,TB
975,1279,336,TB
974,1279,337,TB
976,1281,336,TB
975,1279,336,TB
973,1279,336,TB
975,1278,336,TB
975,1279,336,TB
975,1279,335,TB
975,1278,334,TB
975,1279,335,TB
975,1277,336,TB
975,1278,334,TB
975,1278,336,TB
976,1280,336,TB
975,1277,336,TB
976,1279,336,TB
976,1279,336,TB
976,1278,335,TB
975,1276,335,TB
976,1279,336,TB
974,1279,336,TB
976,1278,336,TB
975,1278,336,TB
976,1277,334,TB
976,1277,336,TB
975,1277,334,TB
974,1278,336,TB
975,1278,336,TB
975,1278,335,TB
975,1279,336,TB
974,1279,337,TB
976,1280,336,TB
975,1279,336,TB
975,1279,336,TB
976,1280,336,TB
976,1279,336,TB
975,1279,336,TB
976,1279,336,TB
976,1281,336,TB
976,1281,336,TB
976,1278,336,TB
976,1279,336,TB
975,1278,335,TB
974,1278,336,TB
975,1278,336,TB
974,1280,336,TB
975,1279,336,TB
971,1279,336,TB
972,1279,336,TB
976,1278,338,TB
976,1279,336,TB
975,1279,335,TB
974,1279,335,TB
974,1279,336,TB
974,1279,335,TB
970,1278,330,TB
973,1279,335,TB
975,1278,336,TB
974,1279,336,TB
975,1279,335,TB
974,1277,336,TB
975,1277,335,TB
973,1278,335,TB
976,1279,336,TB
973,1279,334,TB
975,1279,336,TB
974,1278,336,TB
973,1278,335,TB
972,1279,333,TB
973,1278,334,TB
973,1277,334,TB
973,1279,336,TB
971,1279,334,TB
974,1279,334,TB
973,1279,336,TB
974,1279,336,TB
975,1277,336,TB
974,1278,336,TB
973,1278,336,TB
973,1278,335,TB
970,1279,334,TB
976,1278,336,TB
975,1279,336,TB
973,1279,333,TB
975,1280,336,TB
974,1277,332,TB
975,1279,335,TB
975,1278,336,TB
975,1279,333,TB
975,1278,335,TB
975,1281,336,TB
974,1279,336,TB
974,1278,335,TB
975,1276,335,TB
975,1279,336,TB
973,1279,335,TB
973,1276,335,TB
974,1277,333,TB
975,1279,336,TB
973,1278,336,TB
975,1279,335,TB
971,1277,336,TB
975,1279,336,TB
974,1279,335,TB
975,1279,333,TB
973,1278,336,TB
972,1279,333,TB
973,1279,335,TB
975,1277,336,TB
973,1277,335,TB
975,1278,336,TB
975,1278,336,TB
974,1276,334,TB
974,1278,334,TB
975,1279,335,TB
975,1278,335,TB
972,1278,331,TB
974,1279,334,TB
976,1278,336,TB
975,1277,335,TB
976,1278,336,TB
974,1280,335,TB
976,1278,336,TB
975,1279,336,TB
976,1279,336,TB
975,1280,336,TB
976,1279,336,TB
976,1278,336,TB
976,1280,336,TB
975,1279,335,TB
976,1279,336,TB
976,1279,336,TB
976,1280,335,TB
976,1278,335,TB
975,1279,335,TB
976,1277,336,TB
975,1280,336,TB
975,1279,336,TB
974,1276,333,TB
975,1278,334,TB
974,1278,336,TB
974,1279,336,TB
974,1278,336,TB
975,1279,336,TB
975,1280,336,TB
976,1281,334,TB
975,1278,336,TB
976,1279,336,TB
974,1279,334,TB
975,1279,335,TB
975,1281,335,TB
975,1277,336,TB
976,1278,336,TB
976,1279,336,TB
976,1278,334,TB
976,1279,335,TB
973,1280,333,TB
974,1279,334,TB
976,1279,336,TB
975,1279,335,TB
976,1277,336,TB
976,1279,335,TB
976,1277,335,TB
976,1279,336,TB
974,1279,334,TB
976,1279,334,TB
975,1279,336,TB
975,1279,336,TB
974,1278,335,TB
976,1280,336,TB
975,1277,335,TB
976,1278,336,TB
975,1280,336,TB
976,1279,336,TB
974,1279,336,TB
975,1278,336,TB
975,1278,334,TB
976,1279,336,TB
974,1279,336,TB
976,1279,334,TB
975,1278,334,TB
976,1279,336,TB
976,1279,335,TB
975,1279,337,TB
975,1279,336,TB
975,1279,335,TB
976,1279,336,TB
974,1280,336,TB
976,1280,336,TB
976,1278,336,TB
975,1277,336,TB
974,1278,336,TB
975,1279,336,TB
975,1279,335,TB
974,1280,336,TB
974,1276,335,TB
975,1276,336,TB
976,1278,336,TB
976,1279,336,TB
976,1279,335,TB
976,1279,336,TB
975,1279,336,TB
975,1278,336,TB
976,1278,336,TB
976,1279,335,TB
976,1280,336,TB
976,1279,339,TB
976,1281,338,TB
976,1277,337,TB
976,1278,337,TB
976,1279,336,TB
976,1278,336,TB
976,1280,337,TB
976,1281,337,TB
976,1279,337,TB
976,1279,336,TB
976,1279,337,TB
976,1278,337,TB
976,1279,338,TB
976,1279,337,TB
976,1278,337,TB
975,1279,336,TB
976,1280,336,TB
976,1279,338,TB
975,1278,337,TB
976,1280,337,TB
976,1280,339,TB
976,1279,336,TB
976,1280,336,TB
976,1280,338,TB
974,1278,336,TB
976,1280,336,TB
976,1280,336,TB
975,1278,336,TB
976,1280,337,TB
976,1279,336,TB
976,1279,337,TB
976,1279,339,TB
976,1279,336,TB
975,1280,336,TB
975,1280,337,TB
976,1280,337,TB
975,1279,337,TB
976,1279,336,TB
976,1280,336,TB
976,1280,337,TB
976,1279,337,TB
976,1279,336,TB
976,1279,336,TB
976,1279,337,TB
976,1279,336,TB
975,1280,336,TB
976,1280,338,TB
976,1278,338,TB
975,1278,337,TB
976,1280,338,TB
975,1278,337,TB
976,1279,336,TB
976,1280,337,TB
976,1280,336,TB
975,1282,337,TB
976,1279,336,TB
976,1279,337,TB
976,1278,336,TB
976,1277,337,TB
976,1279,336,TB
976,1278,336,TB
976,1279,337,TB
976,1278,337,TB
976,1278,337,TB
975,1279,337,TB
976,1280,336,TB
975,1279,336,TB
975,1280,336,TB
974,1278,336,TB
976,1278,336,TB
975,1278,338,TB
976,1278,337,TB
975,1279,336,TB
976,1277,338,TB
976,1279,336,TB
975,1279,336,TB
975,1281,339,TB
975,1280,336,TB
975,1278,336,TB
975,1277,335,TB
975,1277,335,TB
976,1278,336,TB
976,1279,336,TB
976,1279,337,TB
975,1280,336,TB
976,1279,336,TB
976,1279,336,TB
976,1280,336,TB
975,1279,336,TB
976,1279,337,TB
976,1278,336,TB
976,1278,336,TB
976,1279,336,TB
976,1279,336,TB
976,1277,332,TB
976,1277,335,TB
976,1277,336,TB
975,1278,336,TB
976,1279,336,TB
976,1277,336,TB
976,1279,337,TB
976,1279,336,TB
976,1279,336,TB
975,1277,336,TB
975,1277,336,TB
976,1279,336,TB
976,1277,337,TB
976,1277,336,TB
976,1279,337,TB
976,1277,336,TB
976,1279,336,TB
976,1278,336,TB
976,1277,336,TB
974,1279,336,TB
976,1278,337,TB
976,1279,337,TB
976,1279,338,TB
976,1280,337,TB
976,1280,336,TB
976,1279,336,TB
976,1279,336,TB
976,1279,336,TB
975,1279,336,TB
977,1279,339,TB
976,1278,338,TB
976,1279,338,TB
976,1280,336,TB
978,1280,337,TB
976,1279,338,TB
976,1278,337,TB
976,1279,337,TB
977,1279,337,TB
976,1279,337,TB
976,1280,335,TB
976,1279,336,TB
976,1280,336,TB
976,1279,336,TB
976,1280,336,TB
975,1278,337,TB
976,1279,336,TB
976,1280,336,TB
976,1280,336,TB
976,1279,336,TB
976,1279,336,TB
976,1278,335,TB
977,1279,336,TB
976,1279,334,TB
977,1281,336,TB
976,1279,336,TB
976,1278,336,TB
977,1281,338,TB
976,1280,336,TB
976,1280,336,TB
976,1280,336,TB
976,1279,336,TB
977,1280,336,TB
976,1279,334,TB
976,1279,336,TB
976,1280,336,TB
976,1280,335,TB
976,1280,336,TB
976,1279,335,TB
976,1280,336,TB
976,1281,336,TB
976,1278,336,TB
976,1280,338,TB
977,1278,338,TB
976,1278,336,TB
976,1278,336,TB
976,1279,338,TB
976,1280,338,TB
976,1279,336,TB
976,1279,336,TB
976,1280,336,TB
976,1279,338,TB
976,1280,337,TB
976,1279,336,TB
976,1279,337,TB
976,1276,338,TB
976,1278,339,TB
976,1277,337,TB
976,1279,337,TB
976,1278,337,TB
976,1279,338,TB
976,1279,338,TB
975,1279,337,TB
976,1278,336,TB
976,1278,336,TB
976,1279,337,TB
976,1278,337,TB
975,1279,336,TB
978,1279,337,TB
977,1278,337,TB
977,1279,336,TB
977,1278,338,TB
977,1279,337,TB
976,1278,336,TB
976,1279,336,TB
976,1278,336,TB
976,1279,336,TB
976,1279,337,TB
978,1280,337,TB
976,1278,336,TB
976,1278,333,TB
977,1279,337,TB
969,1277,336,TB
971,1278,336,TB
963,1277,335,TB
967,1275,336,TB
970,1278,338,TB
967,1275,336,TB
971,1279,338,TB
965,1274,336,TB
966,1275,336,TB
973,1277,336,TB
971,1277,336,TB
967,1275,336,TB
967,1278,336,TB
970,1279,336,TB
967,1274,336,TB
969,1277,336,TB
975,1278,336,TB
973,1278,336,TB
973,1279,337,TB
972,1277,336,TB
974,1279,338,TB
970,1278,337,TB
971,1277,338,TB
971,1277,340,TB
975,1279,337,TB
973,1278,336,TB
972,1277,336,TB
969,1276,336,TB
969,1274,336,TB
971,1278,338,TB
971,1278,339,TB
971,1279,337,TB
971,1277,337,TB
974,1279,336,TB
974,1280,338,TB
975,1277,338,TB
970,1277,336,TB
976,1276,336,TB
971,1276,336,TB
971,1274,335,TB
969,1274,336,TB
970,1278,337,TB
964,1275,335,TB
975,1275,336,TB
976,1277,337,TB
976,1279,339,TB
977,1279,338,TB
976,1279,337,TB
979,1281,337,TB
976,1281,337,TB
978,1281,338,TB
977,1279,338,TB
976,1280,336,TB
977,1281,338,TB
977,1279,336,TB
976,1280,342,TB
977,1279,338,TB
978,1279,338,TB
976,1279,335,TB
976,1278,336,TB
976,1279,338,TB
977,1279,340,TB
977,1279,336,TB
976,1277,336,TB
977,1279,338,TB
976,1279,338,TB
976,1279,337,TB
976,1278,337,TB
976,1279,336,TB
976,1278,337,TB
977,1278,338,TB
978,1280,337,TB
976,1277,339,TB
979,1281,337,TB
979,1280,339,TB
976,1281,336,TB
978,1280,337,TB
977,1282,337,TB
977,1280,337,TB
981,1280,338,TB
976,1279,336,TB
979,1280,336,TB
976,1279,336,TB
976,1278,336,TB
978,1279,336,TB
978,1283,339,TB
977,1282,337,TB
980,1281,337,TB
979,1279,338,TB
976,1280,337,TB
979,1279,337,TB
980,1281,338,TB
978,1280,337,TB
979,1280,337,TB
979,1279,337,TB
977,1280,336,TB
978,1280,336,TB
979,1279,339,TB
978,1280,337,TB
978,1280,337,TB
979,1279,337,TB
978,1281,336,TB
977,1279,337,TB
977,1280,336,TB
977,1281,340,TB
980,1282,339,TB
977,1280,337,TB
977,1281,339,TB
977,1281,338,TB
977,1281,336,TB
977,1279,338,TB
980,1280,340,TB
977,1280,337,TB
978,1280,337,TB
977,1280,338,TB
977,1280,339,TB
977,1280,336,TB
977,1280,339,TB
978,1279,342,TB
977,1279,337,TB
979,1280,336,TB
978,1281,336,TB
978,1281,336,TB
978,1281,338,TB
979,1280,338,TB
976,1282,338,TB
976,1281,339,TB
976,1278,337,TB
977,1280,338,TB
979,1279,339,TB
977,1279,338,TB
977,1280,337,TB
978,1280,338,TB
977,1279,336,TB
976,1278,336,TB
977,1279,337,TB
976,1280,337,TB
978,1279,337,TB
977,1279,340,TB
976,1280,338,TB
978,1280,338,TB
978,1279,339,TB
977,1279,337,TB
976,1279,338,TB
976,1279,337,TB
976,1281,337,TB
976,1279,338,TB
976,1282,337,TB
977,1282,339,TB
979,1280,339,TB
977,1281,339,TB
976,1281,338,TB
977,1282,339,TB
977,1279,338,TB
976,1280,338,TB
977,1281,339,TB
978,1281,341,TB
977,1281,338,TB
976,1281,337,TB
976,1281,336,TB
977,1280,338,TB
978,1282,338,TB
976,1280,336,TB
977,1281,342,TB
977,1279,340,TB
976,1282,338,TB
978,1280,339,TB
978,1282,340,TB
978,1282,337,TB
976,1281,338,TB
978,1283,340,TB
977,1281,336,TB
976,1281,336,TB
977,1280,336,TB
976,1277,336,TB
976,1279,335,TB
976,1277,336,TB
977,1280,336,TB
976,1278,336,TB
976,1278,336,TB
976,1279,336,TB
976,1279,336,TB
976,1278,336,TB
976,1278,335,TB
976,1279,335,TB
974,1279,335,TB
976,1279,336,TB
976,1278,336,TB
976,1279,336,TB
976,1278,335,TB
976,1278,336,TB
976,1279,336,TB
976,1277,336,TB
976,1277,335,TB
976,1277,336,TB
976,1279,337,TB
976,1279,336,TB
974,1279,337,TB
966,1277,333,TB
975,1279,336,TB
975,1279,335,TB
976,1278,336,TB
976,1278,334,TB
976,1279,336,TB
976,1278,335,TB
976,1278,336,TB
974,1278,336,TB
976,1279,335,TB
976,1279,336,TB
976,1282,336,TB
976,1280,335,TB
976,1279,336,TB
976,1279,336,TB
976,1280,336,TB
976,1281,336,TB
977,1279,336,TB
976,1279,335,TB
977,1279,335,TB
977,1281,336,TB
975,1279,336,TB
977,1280,336,TB
976,1281,335,TB
976,1279,335,TB
976,1279,336,TB
976,1278,336,TB
978,1279,336,TB
976,1278,336,TB
976,1278,336,TB
976,1280,336,TB
976,1279,334,TB
976,1280,336,TB
977,1281,336,TB
976,1279,336,TB
976,1281,336,TB
976,1280,336,TB
979,1278,335,TB
976,1279,336,TB
976,1279,335,TB
976,1277,336,TB
976,1278,336,TB
977,1280,336,TB
976,1279,336,TB
976,1281,335,TB
976,1279,335,TB
976,1281,336,TB
976,1279,337,TB
976,1281,336,TB
976,1279,336,TB
976,1279,336,TB
977,1280,336,TB
977,1280,336,TB
977,1279,336,TB
976,1280,335,TB
976,1280,336,TB
977,1279,336,TB
976,1279,336,TB
976,1280,336,TB
976,1279,335,TB
977,1279,336,TB
977,1279,336,TB
977,1279,336,TB
978,1279,336,TB
976,1279,335,TB
976,1267,334,TB
977,1281,336,TB
977,1279,337,TB
980,1280,336,TB
977,1279,336,TB
977,1280,335,TB
977,1279,335,TB
977,1280,336,TB
978,1279,336,TB
977,1280,336,TB
979,1281,336,TB
977,1280,336,TB
976,1280,336,TB
977,1281,335,TB
979,1280,336,TB
978,1279,336,TB
978,1281,336,TB
977,1280,336,TB
978,1281,336,TB
977,1279,336,TB
976,1280,336,TB
977,1280,335,TB
979,1280,336,TB
978,1279,338,TB
979,1279,336,TB
978,1282,336,TB
977,1283,336,TB
977,1283,336,TB
978,1280,336,TB
977,1279,336,TB
978,1281,336,TB
977,1280,336,TB
979,1282,337,TB
977,1281,336,TB
980,1281,336,TB
978,1281,336,TB
980,1281,336,TB
979,1281,336,TB
978,1281,336,TB
977,1281,336,TB
977,1281,337,TB
979,1282,337,TB
978,1281,336,TB
978,1282,336,TB
977,1280,336,TB
977,1283,334,TB
977,1281,336,TB
977,1280,336,TB
976,1279,336,TB
975,1280,336,TB
976,1280,335,TB
976,1281,334,TB
975,1280,334,TB
975,1281,336,TB
976,1280,335,TB
975,1279,335,TB
976,1281,336,TB
976,1278,333,TB
976,1281,336,TB
976,1279,336,TB
976,1282,336,TB
976,1280,336,TB
977,1280,336,TB
976,1281,336,TB
977,1280,336,TB
976,1280,334,TB
976,1279,336,TB
978,1280,336,TB
977,1281,336,TB
976,1279,335,TB
976,1282,335,TB
976,1280,336,TB
976,1278,335,TB
977,1279,336,TB
975,1279,335,TB
976,1279,336,TB
976,1278,334,TB
976,1279,336,TB
976,1280,333,TB
978,1280,336,TB
976,1281,336,TB
976,1279,335,TB
977,1280,336,TB
977,1279,336,TB
977,1280,335,TB
977,1280,336,TB
977,1279,336,TB
976,1281,336,TB
977,1280,335,TB
977,1279,335,TB
976,1279,336,TB
977,1280,336,TB
979,1280,338,TB
977,1279,336,TB
978,1281,336,TB
977,1280,336,TB
976,1280,336,TB
976,1279,335,TB
977,1279,334,TB
977,1280,336,TB
976,1279,334,TB
976,1280,334,TB
977,1281,334,TB
976,1280,336,TB
976,1279,336,TB
978,1281,336,TB
976,1279,335,TB
976,1278,333,TB
976,1278,335,TB
977,1279,336,TB
976,1280,335,TB
975,1279,335,TB
976,1279,335,TB
977,1281,336,TB
976,1280,334,TB
976,1280,336,TB
976,1281,336,TB
976,1280,335,TB
977,1281,335,TB
977,1281,336,TB
976,1279,336,TB
972,1279,335,TB
971,1278,336,TB
966,1278,335,TB
975,1278,335,TB
973,1279,335,TB
972,1279,336,TB
969,1279,333,TB
973,1280,334,TB
971,1278,336,TB
976,1278,336,TB
976,1280,335,TB
976,1278,336,TB
976,1278,336,TB
976,1279,335,TB
976,1282,336,TB
976,1278,335,TB
976,1280,335,TB
978,1278,336,TB
976,1280,336,TB
976,1279,336,TB
976,1280,335,TB
976,1279,336,TB
975,1279,335,TB
976,1281,336,TB
978,1279,336,TB
977,1280,336,TB
976,1280,336,TB
976,1279,336,TB
976,1279,336,TB
978,1281,336,TB
978,1282,336,TB
977,1280,336,TB
977,1280,336,TB
978,1279,336,TB
976,1281,336,TB
976,1281,336,TB
978,1281,336,TB
977,1281,336,TB
978,1280,335,TB
976,1280,335,TB
977,1279,336,TB
978,1279,336,TB
979,1281,336,TB
976,1278,336,TB
978,1281,336,TB
977,1280,336,TB
979,1279,336,TB
977,1282,337,TB
977,1281,335,TB
976,1280,335,TB
977,1281,336,TB
978,1281,335,TB
978,1282,336,TB
977,1283,336,TB
977,1281,336,TB
979,1281,336,TB
976,1281,336,TB
978,1281,336,TB
977,1282,336,TB
978,1282,336,TB
976,1282,336,TB
977,1283,336,TB
977,1279,336,TB
978,1280,334,TB
978,1280,336,TB
977,1282,336,TB
978,1281,336,TB
976,1281,336,TB
976,1280,336,TB
977,1281,336,TB
977,1281,335,TB
977,1282,336,TB
977,1280,336,TB
976,1280,336,TB
977,1281,336,TB
979,1282,338,TB
978,1280,336,TB
980,1282,336,TB
976,1283,336,TB
978,1281,335,TB
978,1282,338,TB
978,1280,335,TB
979,1280,336,TB
976,1280,336,TB
976,1279,336,TB
978,1281,337,TB
977,1281,336,TB
979,1278,336,TB
978,1279,336,TB
981,1281,337,TB
978,1281,336,TB
976,1281,336,TB
978,1281,336,TB
979,1281,336,TB
979,1280,336,TB
979,1281,337,TB
979,1281,337,TB
977,1280,337,TB
980,1282,338,TB
978,1281,337,TB
979,1280,339,TB
981,1281,337,TB
978,1282,336,TB
978,1281,335,TB
981,1280,336,TB
980,1280,337,TB
978,1280,336,TB
979,1282,336,TB
978,1282,336,TB
977,1280,335,TB
982,1282,337,TB
979,1280,338,TB
979,1282,337,TB
979,1280,335,TB
978,1282,336,TB
980,1281,336,TB
977,1281,335,TB
978,1280,336,TB
981,1280,336,TB
979,1282,338,TB
980,1284,336,TB
979,1281,338,TB
981,1281,336,TB
979,1282,338,TB
978,1283,337,TB
981,1280,337,TB
980,1282,336,TB
979,1281,336,TB
978,1279,336,TB
978,1280,336,TB
981,1281,337,TB
979,1282,337,TB
978,1281,336,TB
980,1280,336,TB
979,1281,336,TB
979,1281,337,TB
979,1280,336,TB
976,1279,336,TB
979,1283,336,TB
980,1280,336,TB
977,1279,336,TB
978,1280,336,TB
979,1280,336,TB
976,1281,336,TB
982,1281,336,TB
980,1281,336,TB
981,1280,337,TB
977,1280,336,TB
979,1281,336,TB
980,1281,339,TB
977,1281,336,TB
978,1281,337,TB
977,1281,336,TB
976,1280,336,TB
977,1281,336,TB
978,1281,336,TB
978,1280,336,TB
979,1281,337,TB
977,1281,337,TB
978,1281,336,TB
978,1282,337,TB
979,1281,336,TB
978,1280,337,TB
978,1279,336,TB
977,1281,337,TB
979,1281,336,TB
977,1282,336,TB
979,1281,336,TB
980,1283,336,TB
979,1281,336,TB
979,1282,338,TB
978,1282,336,TB
978,1282,337,TB
979,1283,336,TB
979,1281,337,TB
978,1283,335,TB
979,1280,336,TB
977,1280,334,TB
977,1282,336,TB
978,1281,336,TB
976,1280,333,TB
976,1282,336,TB
979,1281,336,TB
977,1282,337,TB
979,1282,337,TB
977,1281,336,TB
976,1281,336,TB
978,1281,336,TB
978,1283,336,TB
979,1283,336,TB
981,1282,336,TB
980,1279,336,TB
978,1281,336,TB
977,1281,336,TB
977,1281,336,TB
977,1279,336,TB
976,1280,335,TB
977,1283,336,TB
976,1281,334,TB
977,1280,336,TB
978,1279,336,TB
978,1283,337,TB
979,1282,338,TB
980,1283,336,TB
979,1282,335,TB
979,1281,336,TB
977,1281,336,TB
978,1281,335,TB
979,1279,336,TB
979,1282,336,TB
978,1283,336,TB
980,1282,337,TB
978,1283,336,TB
982,1282,336,TB
979,1280,336,TB
980,1281,337,TB
979,1282,338,TB
980,1281,337,TB
979,1280,336,TB
977,1280,337,TB
980,1281,337,TB
978,1282,336,TB
979,1281,336,TB
977,1281,335,TB
978,1279,336,TB
980,1280,336,TB
977,1280,336,TB
978,1279,336,TB
977,1281,336,TB
977,1281,334,TB
977,1282,335,TB
977,1281,337,TB
980,1282,336,TB
979,1282,336,TB
981,1281,337,TB
